reviews,stars
"Nice product received ğŸ‘Œ, good for beginners",4
"If you are a beginner go for it for this price i think it's the best, sound quality is mid but what do you really expect, would recommend to upgrade the strings if you want better sounding guitar",5
"The media could not be loaded.
                



Â Sound quality is pretty good. I got the desirous one and this is first guitar ğŸ¥°",4
Good,3
Sound is better than other guitars which are even comparatively higher in price.. but i can't say its just my luck or the product is really good.. but the product i got is better than 5k 7k guitars..,5
Very good guitar in this range and good  for beginners,4
Good quality and sound.,4
I like,5
It's great for beginners who are just getting into playing guitars and it's worth the money.,5
"The media could not be loaded.
                



Â Good",5
"Good product, value for money",4
"This is not a professional guitar. For beginners. I  highly recommend it as it has a good finish, good quality strings and good sound.",5
Sound quality was great. For beginners this is a great one to have,5
Good,5
If you want to buy a guitar for long run and professional future... Sorry to say this is not the one you are searching for. This is only for those want a guitar for taking photos or just to try guitar.,3
"The media could not be loaded.
                



Â I have bought this few days back and trust the makers I am amazed to see such a beautiful guitar at a price under 2K..It's the Sound.Well I have played a lot of guitars over the years and it all comes down to the sound quality of the guitar and the buzz in the strings when you play it either concert or in a studio. And the response from this guitar is just beautiful as it looks. The stock string sound deliciously melodious and no distuning feel to it.Who is it for?It's for beginners. BUT. What the heck it's for all.I mean if you play chords until the 12 fret it's comfortable and as I said the sound is on point. To learning it is made for but the sound can be worth for studios.Long term.I am sorry. I don't know how it may lead to a long term investment. But if you take care of it it will just take care of the sound for you. And come on it's like 1800 rupees. Enjoy and play.What can you play.RiffsChordsSlideLead (anything after 12 fret is up to how good you are without your thumb as there isn't any cut)TappingSweep picking.I bought it for my friend who is a beginner. I suggest it's worth every penny and maybe more.",5
,3
It's good for beginner... sound output is also good,4
liked the product but not satisfied as the neck or fretboard is very rough which can lead to chapped skin on fingers,3
"If you are a true beginer then you should go for it...Sound quality of guitar is not that good as i have bought for my nephew.. i use yamaha f310 so i dont like its sound..Tuning pegs are lil firm and feels like descent plastic material..I should suggest , if you are a beginer dont know much then u should go for it...",3
Its a great guitar for beginners at a really great price but I would suggest you if you really are interested in learning guitar then you should spend some more money and get a yamha one or a kadence which are high quality. The worst thing about this guitar was that the strings were of very cheap quality. I had to change them and you can see them in the pic.  Overall sound quality is also good.,3
"Well, this is my 2nd guiter that is Juarez 38C, i bought the same guiter a year ago, it was like super guiter to me as i was just a beginer back in those days, but this time i ordered the same one just to gift some one and the guiter i got has too many SCRATCH all over it's body and it has a visible DENT on it's back, needlessly or shamelessly the guiter sounds really good. It feels like somebody has already used it.Theres a REQUEST in this REVIEW:: Please have a look at it, when we buy something from a seller we keep our own FANTASY for that item, we should not say ""disgusting"".VALUE FOR MONEY I say.. thanks.",5
Good product but damage on neck joint,4
Juarez is cheat me maine sun burst color guitar order kiya tha but wrong color bhej diya Reuter karne ke baad na hi mera refund aaya or na hi kore products bheja coustermer care main call karo to bolte h hum aapki koee help nahi kar sakte h,1
All items not send this picture why,1
"Guitar is light weight and value for money but i have problem with string... after delivery of guitar,2 strings break after 1 hour but they also give extra strings so its not a big problem..guitar sound is great and overall its good for you if you are beginner",4
"The media could not be loaded.
                



Â The guitar has excellent looks and a great design for such a cheap price but the distance between the fretboard and the strings is very high, due to it the fingers of the player hurt a lot and it becomes difficult to play. I would not recommend to buy it, especially not as a beginners guitar (as it has high action). The guitar I received has some cracks on the neck due to which it might not last more that 4-5 months even only if you handle it with care every time you play it. My recommendation is that if you have a fine budget do not buy this.",3
Nice one,4
This product's delivery was super awesome..no any scratch..and..it's has good sound quality and easy comfort for handling..go for it if u r beginner,4
It's survived all this time... They give u extra strings too.... Its for basic practise and nothing else....... If u want to start learning guitar best bet is this... But sound quality is trash and very fast gets out of tune hence need to tune it regularly...... Sometime carry over vibrations can change the note u are playing but that's what u would expect out of cheap guitar... But for beginners who don't know whether u are going to continue or not this toy is ideal... Solid 7/10,4
"Good only for beginners when you don't understand the basics of playing a guitar.The gap between the frets and the strings is quite big and you realise this only after 2-3 months and on playing other good guitars.Half your concentration goes in managing this gap and getting the right tone for the note you are pressing. This is a design defect of the frets and this defeats the purpose of playing a guitar, especially when you start learning to play tunes.Recommended only for beginners and that too for 3-4 months only.",3
It's a good quality guitar for beginners.The guitar is not tuned and hence you have to tune it on your own. Otherwise I am quite satisfied,4
"First of all the guitar isnâ€™t that big as you might think. Itâ€™s suitable for kids and teens.The sound is okay.. the strings not so.I bought this guitar a couple of months ago but after a few sessions, the string broke and the gap between the fretboard and the string grew more and more. Planning to sell it soon lol",2
"Its the best Guitar for beginners.. Sound quality is awesome... Packaging of this guitar was so rough.  Luckily i got an unbroken one.... Otherwise it would have been broken if i say about packaging.  But its a cute , small and beautiful guitar for someone who wants to play it for the very first time..  i love it..",4
Guitar is in good condition though packaging was not that careful. However better for beginners so learn and grow....welcome to the new community of guitarist...and those who love music...,4
Advantages:- Good choice of beginner 1-2 year tak use kar sakte ho after learning then you can buy a new one.Disadvantages:- the body of guitar is not of as hard wood as the fretboard . The fretboard is having a great quality,4
Strings are of not so good quality. This guitar iS very sensitive.,4
Buy only for practice and not for professional.Decent product..,3
I will only say that you get what you pay for. The built of the guitar is pretty good and you won't be disappointed with it. I can't say much about the sound quality as I am a beginner but I think it is just fine for someone who is just starting to learn guitar.,4
There are apps available to tune the guitar and itâ€™s easy as well. Once tuned it sounds good.Build quality is ok at this price point. A musical instrument at this price point is a very good proposition for beginners.,4
I have buyed nearly 20 - 25 guitar but this is super incredible ! You must buy it. It's theBest guitar if you see it's price its very reasonable may God bless Juarez brand.,5
Best product for beginners..value for moneyâ€¦,4
Good but small,4
"It's all cool.... Beautiful sound and all... But is a lil brittle, it cracked near the hole when I dropped it for the first time, thought sound remained un affected. So if u wanna buy a budget guitar with good acoustics, this one's good to go, with a cautious use.",3
Good for first  timer,4
Good for beingners sound quality also good in this price range I got this at 1690 in Amazon sale 4 star for finishing is not good from some sides but overall good use it 5-6 month then you but another if you feel that you are passionate about guiterEasily you can buy so cheap then you Learn from that and buy another when you got some perfect knowledge,4
"The Guitar is Just woww.... The strings are of copper and metal picks are designed and beautifully coloured, the strap is of fit size. (Amazing Purchase from the house of Juarez , and thanks amazon for this brilliant product.1.Good for beginners.2.sound quality is average(good in that price).presentation is good but quality is average.After noticing all features ithint that you should go for it.",4
"Guitar:Quality is Good. Value for MoneyColor Finishing is Awesome.Packaging was Very Good.Delivery was Lightning Fast.This Guitar is Small for Adults. It Has Long Scales For Finger Straching ExercerciesSuitable for Kids 10-18 yr Only.This Guitar is Only Replaceable, No Option to Return.Guitar Bag:Made of Thin Material. Not Paded not be Able to Protect the Guitar while Traveling, But Good for Just Storing it in Home.Strap:It is Good for the Price Point of the Guitar.",4
"Got in hand as shown in image. As i'm an absolute beginner, haven't found any damage in the piece. Sound quality is good. A masterpiece for beginners at negotiable rate",4
"I thought it would be delivered broken to me,but packaging was very good.I dont think this is for beginners as action is too high but overall anyone should not expect anything good in this price.",3
,3
Avarage quality packaging not good,2
"Although the make is good and it looks pretty. The piece that I got had rusted strings. Have ordered a replacement, but now Iâ€™m worried that the strings will rust in future.Update, got the replaced item but still worried that the strings will rust in future.",4
very good,3
"A definitely good start for absolute beginners. Since you are getting too much for less price, I am not gonna talk about quality but if you just wanna start learning during the lockdown and buy a good guitar, later on, this one is probably a good choice.",4
"It has fret buzz, mainly due to the strings which are not so good. You need to change the strings to high quality ones to reduce that. The action is also a lot. But overall it's a great guitar for beginners.",4
Learning guitar is all about time.. It's easy to learn but you need a good guitar to start your learning.. Juarez is pocket friendly guitar but the sound is pathetic and even if you play the chords correctly you will hear a different song from the one you are playing. use it harshly to learn and get a new guitar once comfortable.,3
"It's good at this price point but as a beginner it becomes difficult to learn barre chords. You will need to change it's strings,ig, in order to make it possible to barre chords.",4
Caution : Don't tighten the strings beyond safe limits.....,4
It's ok for beginners. But tuning pegs are very weak as they are plastic and a peg got off when trying to tune. Little difficult adjustment in keeping the tune in perfection. Anyhow we are enjoying playing it.,4
"We have guitars available of a larger size, but this one is perfect for those who are learning, the pitch of this is quite high, and is loud as well.In terms of durability, I personally think material of the body provided should be taken into consideration.The bag provided along with could have been of a better quality, but those things come secondary.Good for beginners.",4
Can't complain with this price you can't get more than thisBtw amazing productExactly same as it is appears on the siteSound quality not up to that mark but can't complain as it is best value for money,4
the whole packaging was really good nd the product is very nice no manufacturing defect.....little bit is there but overall Product is value of money......even the sound Quality very nice nd its never feel us that product was cheap.......,4
Only for beginners but there was no defect in the product which was great sound quality seems fine for me not that great but for price point itâ€™s good. You should try it out,4
Good product timely delivered,4
"Guitar look much prettier than any pictures of it so I'm not posting any images, love that red and black colour combination its perfect. I was worried about its damage but not a single scratch was their in the guitar as because of the perfect packaging only thing is the bag is very thin its just for protecting the guitar from dust and stain not from damages and scratches but in this budget its genuine thanks amazon",5
String are of very low quality.String broken in first tuning.I tried spare string which was available in bag.That also broken ğŸ˜”,3
"I am writing this review after using it for2mnths, and its a nice deal, u ll gt accessories as well, though my string gt broken in a month ,you ll gt what u have paid soo u shud not expect a fender or yamaha quality sound.-Nxt comes the luks, its bst in look wise glossy finish looks similar to to any high end guitar, except the size which is a bit small.- One can move to an high end guitar after practising on this as its the lowest price.-Guitar have to be tuned more frequently and their is more gap in between strings and guitar bridge .- it doesn't even comes with a truss rod so their is an high chance of bending of the neck.If you find the review helpful plz click on helpful buttonğŸ˜ŠğŸ˜Š",3
Nice products,3
Overall the guitar is good and enough satisfying product probably in this price range. And nothing more could be expected in this price . But the straps and bag are of somewhat poor quality,4
This guitar is good just for kids. Even if you are beginner then also you should not go for this product because will have desire to learn only if sound will be good. Sound is not good. So i would suggest to go for little costly guitars.,3
Am a beginner and I loved it I got the product in good condition am happy about that otherwise I was worried seeing some ppl received broken ones I love playing this guitar happy so far ğŸ‘,3
Good ğŸ‘,4
Everything is good at this price range....Beginner should go for this.....But their is some damage in the front side edge of the guitar on the body below the bridge.....Overall great guitar at this price range and als the strap is too small....,5
"I bought it in rs 2190. The packaging was in cardboard box and delivered via car. I received nice product. Sound is very good. You have to tune the guitar (can do it by downloading guitar tuna app from playstore). They have given a guitar bag, extra strings (string number not mentioned in packet) and plectrum. There is no port to input electric chord to play the guitar in amplifier.Nice product. I will definitely recommend it.",5
"good guitar for begginers, action is too high so guitarist who have experience should stay away from it. bass string gets out tune after some time play but thats the only problem overall its a good guitar..",4
Better,4
"Sound quality is good not excellent but at this price, you won't get better than this.Once you learn the guitar, you can go for higher price guitars. To start this is the best.Packaging was good.",4
Very beautiful in looks....Sound quality is good....Very good for beginners....Very good guitar in budget segment....,4
"Everything was just perfect, but only lapse is that last string is very loose on guitar that's allAdvise me on how to fix itThanks",4
Any way it's look so very nice and good for beginners but prefer to get good one in it,5
Oke,4
The guitar is nice . Only the sound buzz .I would like to suggest to the seller that please do something of this buzzing sound.,4
"The media could not be loaded.
                



Â Considering the given price point, the product quality is good. But I would definitely not reccomend this guitar to any begginer as the action is way too high. A begginer wouldn't even know about the action. As there is no truss rod so the action can not be fixed. A begginer would definitely loose interest because of the high action cause playing with such high action isn't a good practice, needs a lot more useless pressure by the fingers and is never advised.",2
"Difficult for beginners to play,unless manufacturers need to reduce the play (Pressing distance between Fret and String) so fingers can press properly.If the above if fixed, It will be the best instrument.",3
"The sound quality is very good as per the price , and the color & the finishing also.",5
"Very good product for beginners, the quality and the sound is good. I am happy to have this at a very small budget.Thankyou amazon.",4
The guitar colour is pretty okay  but there is stain on the body also the carry case of the guitar is much smaller than the guitar,3
"Quality:3Sound:3(poor)Packaging:4(nice)Looks:3Issues:1.bent neck(no trus rod)  2.poor string quality  3. Does'nt seems DuearbleTip: I would prefer you to buy a quality guitar (which comes for about 6,000)although you a beginner.",3
"Its was a good value for money, only problem was shipping, i believe guitar to be nice but due to uncertain reason it might appear to be scratched or dented.U can get an all fine one if lucky...Just like I did...",4
"I gifted my niece, And heard from her its good and voice is so amazing, its must by guitar for beginners.",4
"Product is good have nice built quality and good sound quality it's great for beginners one should consider this product if someone is searching for their first guitar. The product looks good and packing was also good. No damage and no defects. Received full set with bag, strings, plectrum and strap. Thanks to the seller and Amazon for such a nice product.",5
Gifted my brother and he liked it a lot.Its a nice guitar,4
"Must buy for beginners, doesn't have a cut so can't play 12th fret and beyond that easily. Amazon used to give secondary safety packaging but now it delivers only with Juarez packaging, that may damage the guitar. Hopefully I got it safe, but it was risky not to have a proper packaging.Must Buy in this Price Range.",5
"This product I like because it is very low budget guitar with good quality sound and look l,light weight easy to carry. those who are music lover and cannot afford costly guitar this guitar can satisfy their need of learning music.its full body shape allows the sound more loud and clear.which we can find in costly guitars. Delivered  on time with double packing I am using this guitar since two years working nicely in this price we are getting all accessories so no need to by it separately. And extra set of strins is plus point",5
"Although mrp shows around 7K, they sell it around 2K throughout the year. It is 13inch, check YouTube unboxing videos of this product before purchasing.Strings are of steel, although they say strings are of nylon.Some strings get out of tune frequently",3
ğ™¿ğšŠğšŒğš”ğšŠğšğš’ğš—ğš ğš ğšŠğšœ ğšğš˜ğš˜ğš... ğ™³ğšğš•ğš’ğšŸğšğš›ğšğš ğš˜ğš— ğšğš’ğš–ğš... ğš‚ğš˜ğšğš—ğšğšœ ğšğš˜ğš˜ğš ğšŠğš—ğš ğšœğšğš™ğšğš›ğš‹ ğšğš˜ğš› ğš‹ğšğšğš’ğš—ğš—ğšğš›ğšœ... ğšƒğš‘ğšŠğš—ğš” ğš¢ğš˜ğš ğšœğš˜ ğš–ğšğšŒğš‘ ğ™°ğš–ğšŠğš£ğš˜ğš—,4
"Neck and bridge glued perfectly...often u dont see that with juarez... mediocre finish on the fret...action is way to high at 4mm...for a beginner, this would be rather discouraging...also there is high fretboard buzz + the wood isnt at all good( as soon as i put my arm on it there was a crunch somewhere inside) ...So....unless you are broke af just DONT BUY IT. Returning it and going for kadence acoustic a04 eq at 5k... hopefully that will be better...the best 1 for beginners of course is the yamaha f280 at 7k which is sadly out of stock nowğŸ˜‘",2
"This is my second purchase of this brand of guitar. Brought it for my nephew this time... It's great quality for the price light weight and slightly smaller in size than the standard guitars which makes it easy for kids to learn as well as carry. The packaging is very good as well. It comes with a bag, two picks, strap and extra set of strings. Totally impressed by this product. And highly recommend it to all.",5
I play guitar more than 20 years and I bought this to teach my kids while we are traveling. I wasn't expecting much and I was blown away by the quality. It is of course not the quality of a known brand expensive guitar but it is amazing for the money. I can both teach my kids and the guitar is not small enough so I can also play it myself.,5
The default strings are too funky better to replace them,4
"Product received as in picture , look wise good and for beginners it's upto the mark but not suitable for long run",4
This is not for people who want to learn music or playing guitar. The chords don't play well. Only you can play single strings.Don't buy if you want to seriously learn guitar. But you can buy if you want to just have a guitar and just play for fun.,2
Cool,4
"It's the perfect guitar for beginners.,Also I'm a left hand player so I had trouble setting it up., This guitars mechanism is quite simple so I was able to restring it on my own!Performance wise ., It's sound is loud and clear!But it's not a very good quality product., If ur going to jump into guitar now this guitar is fine.. if u want to pursue it seriously or planning to do grades this ain't the product for u..",3
Great guitar at low price I must say. Not only beginners also intermediate can use. It's a semi acoustic version. So works amazing both ways with or without amplifier. Tone is loud and clear. And I loved the color and packaging. Go ahead with it if you are looking for budget guitar.,5
-Sound quality is good.-distance between fretboard and strings is high (Action high)-Medium size sound box.-Good for beginners.-Suitable to buy in 1850/- INR range.,4
This product is good if u have low budget and want to learn guitar but if u have high budget go for branded guitar.,3
Good as expected in this range..ğŸ˜„,4
"At this price,It is the best I can say for beginners.Sound quality, value for money and very good one for beginners",5
"Comparing to the price in which I bought, the guitar is awesome and worth every penny. The only drawback is that it only has 17 frets and the size is really small. If you're doing hours of strumming and jamming your hands will start feeling pain from the elbows and shoulders. Other than that great.",4
I loved it,5
"Item ok. But asper order it is given is country of origin as Made in china  whreas written as made in india. The cover and strap are very poor quality material and stiching found zig zag not in straight , look like local stiching.rest every thing ok.kc madhavan.",2
Ok,3
Not that good for beginners and at best it's quality wise not that good. Get a better one from actual store.Packaging is so good and it also has handles. Strings broke after a time and after that the screws at top are not that good for tuning. It makes sense not to buy this but for very beginning level and if you have greatest teacher then it's good.,2
Guitar is good. But bag is not a quality and its is very tight..,4
"Product is nice, it was not broken eventhough the packaging was broken. Good quality and brand new with paint smell still persists. The logistics team did not deliver it to door step.",4
Nice guitar I like it and the colour is nice good sound and good for beginners superhit ğŸ‘ŒğŸ‘ŒğŸ˜‰,4
This product is awesome n value for money,5
Cheap guitar! if you find a good guitar any cheaper than this... itâ€™s probably fake or stolen item,4
"Less no of fret, because of short neck",2
Don't buy this you can't play this ... its action is too high....no argument that other things are pretty good but whatever if you can't play this,3
The strings of this guitar are of very poor quality!They keep breaking every now and then.. have already got them repaired 4 times in 3 months .,2
Sound quality are not so good..,3
This is an awesome guitar for beginners under 2k . I really like the product and packaging I received .I buy it for 1990rs. The size is little small than other guitar but it's good handy to use and beautiful looking.,5
,5
I like the look and the sound,4
"It is good for beginners to learn, with sound quality am not satisfied but ok for this cost good one to buy",4
Very best guitar but the bag chain is not good,4
"Well packed but expected better sound, great for beginners it's OK product....",3
It's a perfect guitar for beginners. The products has delivered as the way as i ordered. nothing was damage. It's really good feeling to have it. I like it and completely satisfy.,5
Value for money.,4
This is not a professional guitar but a good one for learning.,4
Looking Good,4
Great quality and build,5
"Master says that ,it is very basic.difficult to tune it...",3
Would not recommend you to buy one if you are new because it is impossible to learn without a teacher on your own. And if you are gonna get a teacher then buy a full sized guitar,5
There's no extra strings and pick only got bag and straps,3
Good product perfect for beginners and best for a low budget Go for it!!!,4
Beginners should try this one. nice acoustic sound.,4
All good reached earlier than given date I am happy with the purchase,4
,5
"The build quality is good, it looks nice. It's good for beginners. Sound quality may be a little average. Nice packaging too.Good Value for money.You can absolutely buy it.",4
The zip in the bag was broken please exchange the bag alone please,4
Sound quality is so good  .but distance between fread bord and string s is so high .And packaging is very poor.,3
I really like the guitar. It was delivered 1 days before. The packing was good and the guitar is so good there r no words to explain if u want a guitar and if u r a beginner this is perfect for u,5
Look is good but the quality of guitar is very bad. When I was setting the strings according to mobile tuner app.... the plastic through which the strings are set is plucked but to strings  nothing happened.,3
I am not at all satisfied. I bought it for my 9 yrs old boy.size is perfect for him .but the quality of sound is very poor. It can't be  tuned properly ..it has manufacturing defect in tuning .I wanted to return .but as it came during corona situation..I thrown out all the boxes before taking it.,2
It's best in this price for beginners..I am impressed with this product.,4
"I like this product very much, i prefer to get grand acoustic guitar strings for better sound, ğŸ˜Š",5
Excellent product,5
"It's fantastic. The sound quality is awesome, easy to hold, best size, the strings quality is little less than mark, overall the guitar is best.",4
It's nice for beginners but kinda small...,4
Apt for beginners. Sound quality is at par with professional and branded guitars. Very satisfied with the purchase.,5
"Product is too good, look as well as sound...Sting quality is not up to the mark., one string is broken while tuning... Package and delivery awesome",4
Didn't receive the bag and extra string pack.,4
Nice one for beginner,4
It's really awesome ğŸ˜.. packaging was nice,4
"With out much use one of the string broke, bit upsetOverall best product, happy buying it",4
Excellent product for beginners this is awesome buy it now,4
This is a best guitar for beginners and kids this  this sound quality is very good and good packting its colour also is very good and structure is very smooth and clear finish wonder full Guitar Best Guitar and strings also good best wishes,5
Just Go for it... beautiful guitar... Nice built quality... I got fresh brand new item... Very satisfied with the product...sound is also very nice...thank you Amazon n Jaurez!!,4
Good and weightless,4
Good,4
My Own Opinion  on this Guitar  considering its Price Range :-Look n Feel - 7/10Sound Quality - 9/10Deleviry Package - 10/10Quality of Stings Provided - 8/10Overall Its a nice guitar for Beginners ..it look cheap sometimes but its ok in this price range!  ğŸ‘Œ ğŸ‘Œ ğŸ‘Œ,4
Guitar is good but found in damage condition,4
Good for beginners,5
Finishing of guitar is not good. Paint ripped on the edge.,3
Excellent,5
Good at price but plastic bridge and not trusrod available,2
I don't like guitar strings but guitar is its ok for beginners,3
Like,5
Good for beginners,4
Defactif,2
Good product,4
Good,4
Loved this guitar.,5
"Very good for beginners. colour is good. don't think too much, go for it ğŸ‘",4
Size is a big small..Otherwise nice product..,4
Good,4
It was my first time with Amazon I was not so sure but it was the most beautiful guitar its very useful for the beginner I became a regular customer of Amazon since then,5
Good for beginners.,3
"Go to shop and choose from there. Don't buy guitar online. Believe me, if you are serious about learning guitar, then you will regret your decision.",2
Good,4
Thanks Amazon for making available such instrument at a very very reasonable price. Very cute and handy item for beigneers,4
"Got a damaged guitar...had a crack on the back of neck. And colour was also different as expected, though sounds good",4
It's an excellent product for beginners not for experts as they should look for a more costly and efficient one,4
Nic,4
It is really very goodSound is very good,4
Beginners never buy this product,5
Happy!!I wanted it to start learning. The guitar was exactly as shown. Delivery was in a day n in good condition. I paid 1990 and for this price it's too good. I love it !!!,4
Thik thak,3
Good,4
Sound quality not match.....,4
pretty good!,4
its good product to buy for learners who just started learning guitar or have passion towards this,5
Found that the Strings are way too high over the Fret-Board making it difficult to play &  change chords easily.  Sound Quality could have been better. The Get-Up of the Guitar  looks good.  Can something be done about this defect please ?,2
Very nice product for beginners and sound quality is also good I really love this,4
Received it broken and returning it because no extra peice is left .,3
Okay for beginners.  Not a great quality product. But still value for money.,3
I brought this product for 2k very cheap. And it has an amazing and stunning look. I don't know about the sound quality because am a beginner. But when I play it sounds nice. Thanks Amazon.,5
If u want to hold just a guitar in your hands... its okay for that... it is too small in size... its good for the amount of money u send on it..But if u have played other 41 inch guitars before... then u wont like this product much... okay sound and average product.,2
good,4
Nice product in this price segment....sound quality is quite good. Recommended for beginners and advanced as well. ğŸ‘,4
The media could not be loaded.,5
Superb Guitar for learners ğŸ™‚ğŸ˜,4
Bought for gift. Feeling embrassed as broken piece received. Requested for replacement,2
"Very very nice product. I would recommend all the beginners to buy it. It is worthful, finished product. Really liked it. Thank you amazon for giving me such a good experience of shopping.",5
"So the guitar is overall good.! The outer quality of the guitar is great but the inner is not as good. A bit tough for a beginner because of a high action.! But if you are beginning your guitar journey with this, then i believe you can play any guitar either of high or low action.You can go for it. If you can ,then go with black or other options as they have cutaway. Natural one has no cutaway so tough to play on the last frets.",5
ok for beginners.,4
Strings settings are not good,5
"There was a problem with guitar that the strings were too far from frets, due to which it was hurting fingers. Otherwise the product is good.",3
Guitar was awesome but sadly it was brokenIt's support wooden stick was damaged that's why gave it 3 otherwise would have rated it 5 as it's the best you can get under 2000 rupees....With some Cashback added... it becomes a steal deal...Have already orderd another guitar from jaurez itself...,3
Very good guitar for beginner..but it very small in size but Quality is so good....,4
Received damaged product. One Extra String is also damaged.,3
This was my first guitar when i wanted to start learning and trust me it's the best of this price range. Everyone must give it a shot if it's there first guitar. Best for beginners.,4
I liked it so much but the sound system was not good after arranging the strings.I am getting this same guitar with all things in better prize,4
Very handy and looks goodFine for bigginers and practice,4
That is very perfect.I promote it.,5
"My brother bought it for my birthday, i was happy and click bunch of photos and posted it on social media,still no successğŸ˜‰.Although i didn't know one thing about how to play guitar but i hope i can get a girlfriendğŸ˜ƒ.",3
"First time , got a defective one...The action was way too high.After replacement, it was perfect..What more can you get at this price!!!!",5
Good for beginners and kids. No picks arrived with package â˜¹ï¸,3
A good product in suitable price .I am happy with this,5
S9me item missing,4
"The media could not be loaded.
                



Â For the price I won't complain, but don't expect much. The strings that came with it are bad, change it asap.",3
Perfect for age 12 to 16 beginers,3
Overall a good product in this prize segment. Although could have improved the bass sound of the guitar. Recommend for the beginners.,4
Good,4
Nice product.Perfect for beginners.,3
Good-quality product.,4
Only for begginers.but strings are very tight while playing chords and it hurts my fingers,3
Its good,4
The product quality is up to the mark yet auto tuning is not done properly..You might need to install GuitarTUNA app and manually tune it,4
"This is my second purchase, both of them are awesome, looks great and sounds superb.",5
Satisfied.,3
Good product I'm very happy,5
Best gurtar for begginers but sound quality is not as expected,4
Superb,4
Best gor beginnersBut there was no extra string on the guitar pack.,4
Total value for money for beginners,5
"Even I'm a biggner, it's ok but sound quality is not so good",4
"the product i got is great.I thought it would be too small in size, bt it is ok.I got product for 2,199 rs only according to which it is great.I just did not got a thumb cllip ,that is only a disappointment,but apart from it everything is ok and great",4
It's a pretty decent guitar considering the price....nice sound...but anyone looking for a good lasting guitar could opt for something better...  satisfied since iam a beginner it's the best (learn and change) at this range for me,3
After two return and replacements finally this product arrived safe in my hand. It's a good one. Things happen for good. Overall it's a good deal.,4
This guitar is excellent for beginners....I am impressed with its sound quality......and you go for it...,5
"First up, the guitar does not come with a truss rod, and I won't criticize Juarez on that because I've seen a lot of guitars without truss rods working smoothy for months. In case of this Juarez guitar, after unboxing, the distance between the fret board and the strings was already so much that I could barely play any chord. After a few days, my fingers started to experience slight cuts and it became even more difficult to play by the day.Secondly, an alan key can't be used on the guitar, so now you might wonder why the product is so cheap.So to sum it all up, I would'nt recomend this guitar to any type of group, beginners or experts. So my advice would be to please keep scrolling through the options and find a better product. :-)",1
Nice in this Price range.,3
Good n decentReceived on time,4
Size is small but looks cool. Not fit for adult men as size is small for their height,3
This item is not use for professional,2
Good product but sound quality could have better,5
Good product for a beginner.,4
guiar is great in this prize. But packeging is not good. There is one big whole in this packege. I scared but hopefully there is no damage on guitar. Overall thich guitar is great for begineers.,3
Good for beginners,3
Product is really good,4
When i went to recieve guitar my happiness was at peak level. But after i opened the packing it all crashed because i got a guitar with damage it has crack from strings  i dont get that damaged product it was really good at low cost for beginners . So friends what I suggest every one is to brought a guitar from any good instrument store so that you can satisfy with that product other you may also face same type of problem like me !,1
"Product is very good, But Guiter bridge does not matched as per as design.Please deliver the similer item by given parts.",4
It is very good for beginners,4
Delivered broken and in different colour,1
"A good product that has been delivered to me at the specified discount rate. But, they missed the other acccessories specified in the image.I am sad because of that.",5
"Everything's good, just as shown in the picture. Worth the price. Loved it. I would definitely recommend it.",4
Outstanding.. Perfectly finished ..sounds so clear and without even a single problem. Was delivered in a huge packing.. Though it looks like a local make on amazon.in pics. .the quality will leave u speechless..at this price it sounds like better than many brands..its much more than what u pay for..Its a small one..but the sound quality is awesome..also it was very well packed and sparklingly clean and dust free..thanks to Amazon. This was awesomeness,5
Very good product at this price range,4
This is truly impeccable..best for beginners..didnt think of this amazing quality at jst 2500/-..ğŸ”¥,5
Quality and sound seems good as per guitar price. Preferable for beginners.,4
"For beginners, it's good for learning. Best guitar under 2K. Value for money. Go for it. Delivered a good one. No defect found. Sound quality ok. Looks superb.",5
"Sound of guitar is wonderful. As there is no truss rod, it is impossible to adjust the action. Action increases after some days it becomes hard to press strings.",3
"Damage some side , replacement plz",4
very cheap but ver good for beginers,5
I am happy to buy this.,5
ğŸ‘ğŸ‘ğŸ‘,3
GoodğŸ‘ğŸ‘,5
Average,3
"As compared to its price range, the product meet my expectation... and sounds is pretty good.",5
Value of money protect.very good quality...,4
Best for beginners.no problem or anything difficult.very good and satisfied,4
Packaging was very good. It's good for beginners as per the grip and all..I would highly recommend this if you are beginner or intermediate guitar player.,5
For beginners,5
Quality of product is good. Great for beginners as I'm a beginner too and I am using it without facing any problem.,4
"It is just perfect, light weight and great sound quality.",5
Good for beginners. Sound is below average.,4
The product is not in a very good condition,2
I am truly telling you that don't buy this it is 38inch and the frade has been band in the next few months after perches and you can't repair that because there is no rod inside .i recommend you to spend 2500-3000 and go to your nearest shop and you will have great deal. :(,2
"1 month into buying this guitar, a string got broke. And a month later, the whole bridge came off the top board with the screws while i was trying to tune the guitar. The strings keep going out of tune frequently, i don't know if the fault is with the tuning pegs or the loose bridge. Overall a very bad experience.",1
If the fretboard would have truss rod then it would be like cherry on the top for this masterpiece.,5
Product is up to the mark....great one for beginners and value for money,4
"So good! At this price point. If you want to learn guitar or if you are newbie, this one would be the best choice.",5
String broken the second day i bought and also the extra string also broken.poor quality and also more space between the board and string hard to play .Overall less better.,3
"very good product,no damage and good packing....",5
Good,4
Great guitar for beginners. Excellent finishing. Sounding good. Extra strings also provided. Well packed and delivered. Superb buy!,5
Crack below string . I hope you refund my amount . Please take this item and refund my money .,2
Good,4
Good for only beginners.,4
Well packed product nice sound quality.very nice for begginers..Just go for it don't think about it.Nice product Amazon,5
Good,4
For such a cheap price the product that I got was excellent. As a beginner to learn using this guitar is very great choice,5
Good,3
Sound is not good. Not easy to hold,3
For a beginner this guitar is good. All good except that the second string has to be pressed down extra hard. Rather than encouraging new players it will discourage them as the finger tips hurt a lot on 2nd string.,3
Amazing product,4
An excellent cheap option for beginners. Value for money. Reached in good condition even though the packing was poor.,5
Guitar is fine... Packing is ok... But the stricker is missing,4
Sound is not good,4
Well not bad,4
"Good not bad, it's ok for bigginners",3
"The colour was perfect, my grandson 9 th birthday gift. He loves it.Thank you seller and Amazon.",5
Its amazing and best for beginners. But its sound is some heavy than usual guitarâ€™s sound after tuning also.Overall it good.,5
"The media could not be loaded.
                



Â Value for money .Best for beginner",5
Guitar seems to be decent but wrap around belt which was there seem to be useless bcoz there needs to be two hooks in which one was missing.Really strange for the guy who was building this never thought of adding one more hook...,3
The media could not be loaded.,5
Overall good fret material was not good as expected but good at this price thank you for the good delivery,4
"Its very very good...I really satisfied for guitar and its quality ,.Heartily thanks for marketing system and workers.",5
Guitar sounds great ğŸ‘ cheap price but it's a good guitar,5
The product is good bt not so good as it started charging it shades (wooden base) within a week aftr regular use.,2
It was okay. Sound quality is not that much.,3
Well I like this guitar very much. But the product is scratched. So it slightly disappointed me. Besides that it is a very good guitar with good sound quality,5
Good,4
This guitar is really too good for beginners and worthwhile to buy.sound quality is also good . Strings are perfect and sounds cool.,5
"Very bad cos' the first time i pluck the strings, the e string broke. The quality is very poor. I received the product yesterday and today the strings broke. Honestly what kind of a product is that? Now i don't know whether they will replace the product or not? What a headache and a waste of money! That was my hard earney money of two weeks !! Can any one of you guys tell me a solution?",2
Good,4
There are some scratches on the guitar.... sound quality is not that much good... perfect size to handle comfortably... GOOD guitar for beginners,3
Very Happy with the product!! The quality is fabulous!! Thank u Amazon!!,4
Good,4
"The guitar bag's zip was in damaged condition with no option to open and close, the quality of the bag is so poor which directly indicates the quality of the guitar will.",2
Best deliveryGood quality of guitarAnd its best is at a very chip priceWorth of money,4
When i went to recieve guitar my happiness was at peak level. But after i opened the packing it all crashed because i got a guitar with damage it has crack at back side of frett and if i dont get that damaged product it was really good at low cost for beginners . So friends what I suggest every one is to brought a guitar from any good instrument store so that you can satisfy with that product other you may also face same type of problem like me !,1
I was looking for full guiter set and it was mentioned in product but i did not received full set,1
"These r my initial thoughts, would update after some time. seeems gud",5
Good,5
Packaging very good and guitar is very nice and good quality I'm very happy I got the ğŸ¸ before the delivery time,5
This is superb my 1st guitar... I am very happy with it. And the delivery is also very good. I will refer others to buy this. Thank u Amazon...ğŸ˜ğŸ˜ŠğŸ‘,5
Very good product,4
"It is perfect for teenagers, not for adults, looks good, sounds good but it is not durable...at this price ok...",4
I have some experience of playing guitar. After lot many efforts which I had put in to tune this guitar I come to this conclusion that this is not a guitar which you can play this is only a show piece which can be used to decorate home or shop. Lost all E strings but could not tune it. That was so painful. I didn't like this guitar and want to return it back. Don't buy this cheap guitar you will end up nothing but like a losser. I want to return this crap.,1
Good for my son as he started learning.,4
Good product,4
Thanks for the beautiful guitar in cheap rate ....thanks to the seller,4
Nice,4
Its may good,2
"Good one for beginners, value for money",5
Good product,5
"I am happy with this piece. I just hope it was more cool but given the price bracket, this is good enough",3
Little lightweight but good for beginners ..sound quality is good ..im happy with this Gitaar..,5
Nice product every begginers should buy itğŸ¥°â£ï¸,5
"As per the price, it is a very good product for beginners. Good sound quality!",5
Nice for learner,5
"Too good product , feeling nice to get it , just thanking you Amazon...",5
"This is what a Gambling is ,how they fooled me, I realized very late , But being honest.Product delivered is not same as shown in the picture, Seems to be it was a used one,the bridge is completely different, and the strings Obviously are of low quality. I have shared a picture of the guitar, please check. And please double check the product once its delivered.",1
Awesome,5
It's good for beginners.....,4
Osm... It's mind blowing very nice.... Guitar I m Soo happy to get it.... Thanku Amazon for good product,5
Nice,4
I LOVE the World of art and tell me what I am a YouTuber and I am a little bit disappointed with the guitar strings,5
Ok,3
I got a damaged product.really I am  feeling very  sad.,3
Good,4
Been playing this for 2 months.... and it marks its quality  .,5
The product is awesome for biggners.  The Strings are and sound quality is good.,4
i use this from 1 year and learned so many things til date. easily tuned. easy to play all cods supperbb,5
I like this product and it's meeting my expectations.,5
It's design quality is good,4
Awesome for begineers with good built quality.Tones are nice at high tune.Handy and easy to carry,5
At this price I never expected this much good quality guitar and that too in a rare wood color.,4
Strings are situated very high position from finger board.It should be more nearer to finger board.,3
The sound quality not so good .,3
"The strings are weak, and the bridge made up of platic is low quality.Tough to tight the strings and got broken wile adjustment",2
I love it. Good for beginners and should go for it.,4
"The guitar is cheap but comes with a price. The tuning does not stay in place and upon tightening the strings, the nut seems like cracked and lifted off. The G, B, and E strings are too high from the fret board and hurts your fingers while trying to play the notes. Another downside from Amazon is that we can only get a replacement but no money back. I do not recommend this product.",1
Being a beginner was confused whether to go for Yamaha f310 to get the best in range of 10k .....but until you firm on your passion one can do practice on this guitar.Awesome sound and very handy though its not full size of 22 fret....perhaps 18 fret neck not disappointing at all. Go for this if you are beginner.....sure won't regret.,5
good for a beginner...my son was happy unboxing the package...sound is sharp and pretty loud...build quality is better than expected...no complaint about the packing..,2
"Very nice product. Great for beginners as well as experts. The only problem was that the guitar cover's zip was broken. But still, a big thumbs up from me!!",5
Very less space between stings for normal fingers. May be good for only thin fingers.,3
"Tuning key is not free, but perfact for this price",3
"Excellent value for money, complete package, with extra set of strings",5
"Worst experience, only good thing was product delivered on time rest everything is wrong, it was broken, strings were not on the place. Even the delivered problem is different as it has a weird circle pattern which is not in the original pictures they have shown.",1
good prod for learner,4
Product is very good you can bey this product,5
Very nice product I am loving it...,5
Very very very very very nice guitar for beginners,5
The product arrived with one less string so have had to order a set .,3
Very nice product. Juarez a very nice guitar and packing so nice thank you very much amazon. Nice app,4
This guitar is too good guality is very good,4
Very nice product for beginners,4
Very nice product Amazon is the best,5
"Nice, Very good for beginners.",4
String is tight,3
All things are good.....but haven't send the guitar pick inside it... that's not fear....,4
Sound quality very poor doesn't seem product worth money.,2
Loved the guitar and the packing so it will come safely without breakage.,5
Good for beginners,4
Ok ok,4
Nice,3
"Pretty Awesome for beginners, i love the way it is and it sent..Thanks alot",5
Very best packingBut packing thodi choti karoAesa lagta hai tv order keya hoBut very best sound quality and build qualityGood for beginners,5
"Amezing Guitar for beginners and sound quality is best , you can go for it.",5
Good for learners...,4
Sound quality is good,4
For beginners,5
The product was too good but the packaging of a product not very good.,5
Everything was good except string quality.It hurts your fingers.,4
Very good,4
Excellent. Good quality. Affordable price.and comfortable for the beginners. Loved the product â¤ï¸.,5
sound quality is not so good and the strings are super delicate,2
Best guitar for beginnersSound quality is good,3
Excellent product,4
The awesome sound and and the colour combinations is soo cool... love this guitar ...,5
Good,4
Wested For money,3
"The media could not be loaded.
                



Â Package is good but damege",5
Guitar which i had Purchased sound quality is not good Thats why i returned .....After Getting new one I will review,2
Every thing is good but size is little bit smal for me that's why I need to return that product ğŸ˜­,5
Nice,5
The product was nice and the quality was excellent .It was above my expectations.  But the delivery boy asks for Rs 100 for delivery. That was not mentioned in the terms and conditions.,5
Front  side  OK  but  back  side  of  guitar  damaged very  dissapointed,2
"Overall is good, but fret design is not professional and need to be improve.",4
verry nice guitar for beginners,5
"I am a absolute beginner with no music back ground. But always wanted to play with guitar and also want to influence my 4 year daughter to love and learn music. I found this guitar really full filling all my needs that ' it plays superb, looks superb and came in the pretty low budget with ultimate quality'. I loved it.",5
Good,5
"Would have given 5 star but for the Belt, which is too small. Can I get a longer one which I can adjust?Otherwise the guitar, packaging etc are good.After 4 months upgrading the review to 5 because of the quality and sound. Thanks team",5
Be cool,5
"This guitar is so beautiful, but guitar bag is very bad, sound quality is good and picks is good ,but I think this guitar is v. good for beginner",5
This is very nice product for beginners. You should buy it.,5
I like the product..... I am totally satisfied with it ğŸ¥°ğŸ¥°,5
Nice product...same as I ordered...I like it..I am satisfied,5
Got it for 2000/-,5
Loved it the sound quality is also goodPerfect guitar for beginners,5
"Good product. Yes, I am very happy and satisfied. Thank you Amazon Dear.",5
Good product .. at this price,4
"The product is very nice in terms for beginners, sound quality and packaging",5
Happy with  design and colourAffordable good for beginners,5
"Best for learning to play. Love the sound. Just wish it came with a girl friend. I mean, there was everything else: extra strigns, picks, strap, cover, Beethoven's skull, Martian germs, thoughts and all ;P",5
Good for beginners,5
Not Bad in Low Cost.......I think its Superrrrrrrrrr Guitaar For BeginnerIf you want start learn itThen I suggested to buy this Guitar,4
"The guitar is a little bit smaller than I expected,but it is alright,not complaining about that!looks like value for money,can't talk about durability cz haven't used it yet.the accessories were supplied as promised!any beginner looking for a low budget guitar can give it a try!",5
This was beyond my expectationsDont think soo much just buy it â¤â¤Packaging was awesomeSounds really goodPerfect for beginners,5
NICE GUTIER IN THIS RANGE MUST BUY VALUE OF MONEY â™¥ï¸â™¥ï¸â™¥ï¸â™¥ï¸â™¥ï¸ğŸ’,5
The guitar is awesome..high sound quality with highest quality standards of packing,5
It's a entry level guitar,3
good product .. i like it,5
nice,5
Good productCan be bought...Satisfied.....,4
Feel so much awesome....good quality of packing.delivered on time....best in cost product.....,5
Like,4
Fantastic guitar I liked it Colour and quality of the guitar is superb and worth buying for 2290 but this guitar is for beginners,3
Superb product,4
ğŸ©,4
"Awesome quality,  my kid loved it.. Just the same as it was shown in the picture and review... Thanking the vendor and Amazon for not breaking trust....",5
Yo this the best basic guitar you can have you can anything easily in this guitar!!,5
"It's overall good, but it took an hour to adjust it's string in the right way. Anyways, totally good for beginners",5
Very nice amd affordable guitarIt is really good for the beginners,4
Best guitar for beginners I recommend this product.  ...,5
It's a good acoustic guitar for beginners strings are good decent strap and set of strings but quality of bag is poor over all guitar is good,5
"You may think this will be a pretty decent guitar for you but if you wanna actually play the guitar, then get a better one. This one has low frets as mentioned, the quality of wood and the strings was awful, same goes for the way it's made. Having such low number of frets make it harder to play some songs. However this depends on you, but even if you are a beginner, get a better guitar in the price range of 5000-10000 INR. I returned this guitar because I had expected something better than this. It is really a toy.",1
Too small.,3
Nice guitar,4
Good one for beginners. Good product in given price.,5
Damage product deliver.bad quality,1
"The looks and all is everything okay, but the fretboard and the string got a lot gap btw 'emIt make is harder to play or learn anything on it.The gap is larger than there should be",2
It is good for begginers.,3
Sound is not good,4
"I am a beginner and started my classes with this guitar............it is verryyyy good, sound is awesome, i play it in church...am very happy that at this price guitars are made available for people....thankuuuuuuuuuuuuu ammmmmmmmazzzzzon'",5
Gap between string and neck is too much! Rest all ok!,2
Not bad,3
Nice,4
Fabulous. Best for beginner's,5
Love it,5
Good.thanks amazon,4
My sister loved it,5
Could be better,3
"Very good for beginners, low budget, average quality.....thank you!",4
One of the strings of the guitar was not there only. And in the spare strings there were only 5.Please Resolve this issue asap.  I am not able to use my guitar as one of the strings is missing.Look into it,1
delivered on time. performance is good.con:1. paint finishing is not good.  2. minor cracks where heel is attached to body.,2
Read the earlier reviews and agree. Its a VFM product and very decent. Great for beginners. Do buy. My son is very happy with it,5
It's very good for the beginners.,5
Good,3
My son is very happy,5
Economical compare to other site.,4
"It's a good one. My kid loves it. Sound is amazing.use a better tuner. If u dont have a physical tuner, you can download the guitar tuner from Google app store and tune it for better results.",5
i like it,4
very good for kids age 10 y,5
"Really good product for the given cost. Children were very happy. Beautiful looks. Value for money, worth buying it.",5
It was a nice thing for beginnersAnd the beginners have a good chance toLearn how to play guitar,5
"Quite satisfied with the  product, really  good for  beginners!!!!! Amazing sound  quality and bold presentation...",5
Very good for cheap price good for beginners ğŸ‘ğŸ‘Œ,5
Very comfortable. Perfect price range.,5
Bag Zip failed in 1st attempt only,5
All good,5
Awsm product,4
Built quality is good,4
color is good,3
My son is sooooo happyğŸ˜ŠğŸ˜ŠğŸ˜ŠğŸ˜Š,5
Very nice product,4
Amazing go for it.,5
Neck is band,1
Damage guitar,1
Guitar is very nice and finishing is superb,5
Good,4
Value for money. Its perfect for beginners,5
I like this product but your delivery service is bad.,4
I would suggest it to all beginners.  Just go for it..,5
Good,4
Good guitar for learners.. Good product value for money,4
It is very good for biginner good sound and quality very good guitar for biginner,5
Packing was superb and colour is good,5
Must buy for beginners. Very good quality.,5
"This is a good instrument. has everything needed to get started, Set of extra strings, belt, cover Etc. Nicely packaged and very well priced.",5
Tuning doesn't match perfectly... I had a bunch of hope but this guitar is totally not worth of money,2
Best budget guitar,4
"The media could not be loaded.
                



Â Recieved a defective product with cracks near neck.....and broken E string",2
IF POSSIBLE PLEASE RETURN.MY HARD EARNED MONEY WAIST.IT HAS NO TUNE NOT USEFUL AT ALL.TOTALLY WASTING OF MONEY. PLEASE TAKE SOME EXTRA AMOUNT AND DELIVER SOME USEFUL PRODUCT.IF POSSIBLE PLEASE RETURN IT SO THAT I CAN BUY A PUMA SHOE WITH THAT AMOUNT.SHAME ON AMAZON,1
Actually this guitar wonderful for beginners .,5
It's a very good guitar for basic Learners. Very melodies sound,5
"If you're a beginning to learn from scratch, it's perfect for you and that's i cant come up with other compliments...",2
"Crack on front of guitar , i have to replace it but when i select replace item then it is showing of returning item.",2
Nice,5
Good,5
Nice quality product,5
Nice guitar,3
"Very good product for beginners, I enjoyed a lot, value for money.",5
Nice product.,3
I got what I wanted.,5
It's good,5
Verry good,5
Not bad,3
Just ok,3
Val hoi,5
Superb,5
Good product for beginners. Value for money,5
"Good product,Sound quality is so good....Value for money......",5
Yes its good....,4
Sound quality,5
"We ordered Juarez guitar and received a defected product with very loose string that would keep coming out. Replaced the same day, got the replacement guitar today - itâ€™s broken . Is there any product and quality check done before sending off to customers? Waste of money.",1
Recently I purchased this guitar. This is not bad. But the items along with this guitar are not good. Packing is good..,3
Ok product,4
The guitars is of very cheap qualitySomeone who is serious abot learning guitar should avoid buying it,2
Good packaging and for beginners it's good,5
Gd,5
Very nice sound quality Is very better in cheep price looking are so beautiful,5
Very good quality product i brought it to my son he is 8 years old and he is very happy to see it,5
The guitar's neck was broken and it was clearly a used product  as package was already opened and the carton in which guitar came had another address slip half tore. Very bad experience. I have returned it hopefully refund process will be smooth,1
Sound is nice. Good enough for beginners. Good price. Colour is awesome.ğŸ¤˜,5
Good product in cheap price.,3
Nice colour ğŸ‘,5
It's was osum every thing is good,5
Perfect ğŸ‘Œ for new players,5
"Poor quality of wood, my son was using it rarely, it got break in two parts from top (handle).",2
Good for beginners. I thought it comes in regular size. This is small size.,2
Good for beginners,5
Thanks for Amazon it's an amazing product,5
Nice Product..,4
"Guitar is damaged sound box is broken ,there is a huge crack and has a guitar pick missing",1
Look attractive but performance is average,3
Good for beginners,4
Good,4
"Hi Amazing Team,I am really surprised as It was mentioned in the package,  there will be picks, string and cover of the guitar,  but surprisingly it was not there.  I ordered more products but I immediately cancelled all after such experience.  I may be wrong,  but please confirm once if it was included an( if included,  May I get the add ons or not.Looking for your prompt reply please.RegardsAdv.  Pankaj Sohal",1
Amazing product,5
Itâ€™s worth buying such good product in low price..Good product,5
Good quality,5
Good product simply superb,5
This product is perfect for beginners.,5
Very good guitar. Value for money product. Everything was delivered as shown in the photo.Would highly recommend it to anyone who is looking for a budget guitar for beginners.. It is my first guitar...So happy;!!!! thank you Amazon.. :),5
good product,4
Best guitar for beginners quality is good.and according to me perfect size thanks Flipkart.,5
"Very nice product, very much helpful for my kids",4
ğŸ’“ğŸ’“Very very nice product...i am soHappy baying this product..And parsonaly..thanks in...amazon.facility.ğŸ’“ğŸ’“,5
Best guitar for beginners,5
1st of all the packing is to bad.Other than that the action is too high.,2
Its very good for beginners,4
Worst quality guitar don't buy,3
Guitar,4
Nice product.,5
Guitar feshing is nice colour is good qulatity &.. guitar is good,5
I love it,5
I got the guitar checked from an instrument seller.,1
Worth for this price range,5
This Product bad sound quality...,5
Damaged product received.,1
"It is a perfect  guitar in low price to learn begging lesson of guitar,  even sound is very good.",5
Amazing ! Just amazing,5
Wonderfully designed..... Good for every beginners.... For the sake of my sister I bought this.. We are using in our family prayers.... To sing songs...,5
Money is worth it for this product. And best guitar for beginners.,5
We best quality for beginners,5
Better for kids beginner size too small,2
I love this product,5
Greatest product for growing children.,5
Awesome guitar in such range,5
Best for beginner,5
This guitar is OK. But the action is very high in this one.,3
Excellent guitar for beginners! Sound quality is amazing.,5
This Guitar For Beginner.......... Very Cool Guitar ......... Awesome Sound Quality... .  ... Fabulous Look........ This Guitar Unboxing Video Available In YouTube.........  Channel Name :- Musical Jagat,5
Best guitar for beginning,5
Frets are too thin and shallow. You need to press harder to get the chords right. Practically unplayable. I have this guitar been learning for more than 2 months. The callouses have developed but the pain doesnt go away,2
Guyz bohot achi guitar h...but only for beginners...ap kharid sakty hai,5
Minor defect,5
"Value for money Product , But remember its made in China.",5
Super dealI'd recommend using lighter gauge strings though - the ones my came with were pretty heavy on the fingers,5
Ok,4
I liked the product,5
It's awesome,5
Good product!,5
Good product,5
Good product,5
Delivery is not on the time but pagking is very good,5
The wooden part is brooken I recommend to have look. Before tuning it and use accordingly,1
Good,3
It really to good,5
Replace it ...,3
The guitar is coolI just started to learnIt's perfect for beginnersGood sound qualitySuperior product for this price range,5
"Product quality is appreciable, no cheap product feeling, sound is decent. Perfect for beginners and amateurs.Final verdict - Go Get It!and thanks to amazon and seller for making great things happen.",5
Overall goodğŸ‘ğŸ¼,5
"I didn't expect the sound quality, which is very ""Worst""., bridge and tuning head is very cheap in quality that strings are get losen very often (while playing- I'm not kidding) also the gap between the strings and fret board is wide(very).. Not at all useful for begineers..",1
good GUITAR ATâ‚¹2000,5
Good for kinds which are starting to play guitars,4
Aewsum,5
Superb guitar for beginners.. Have a nice sound quality..,5
Good Gob,5
Superb the quality of sound was little bit annoying!,5
Nice one..,5
Really grateful,4
Like but low quality,1
Asome,5
"I ordered 2 of them with different accounts.One had no  bridge,saddle,Tuning machine,pickguard.While the other was pretty good a and was not varnished.while the other was awesome.Go for it.",2
SATISFACTORY,3
Waaaoooo that's awesome!!  I loved itâ¤ nice sound as well as great looks â¤â¤ğŸ˜â¤very nice packing â¤thank you so much Amazon,5
Amazing product .....Small in size but good for 12-18 year children....... Good sound qualityEveryone should buy....,5
Good,4
It's an Amazing Guitar By Jurez .Amazing colours with glossy finish.budget friendly $$ .You Must Try This For Better Experience.,5
very nice,5
Great product,5
Its for beginners,4
Best product,5
Fine it's good in this price,4
Happy with the deal ğŸ˜Š,4
Not as good as you expect,3
Quality and price unbelievable!! Great product thank u Amazon.,5
"The Guitar had a hole, also the packaging was damaged due to which the guitar may have had a puncture hole. Hope the replacement is done in good condition",1
Not bad,3
Not at all good I order this guitar and when received the fret board was not proper and it was chipped now I ask for return but no one is coming to take,1
It is a good guitar,5
just good for learning.,3
In this price avreage quality ..but stirngs quality is very poor ..sound is so avreage,2
Very good looking fine packing though we don't know how to play guitar.,5
The product was damage. Pliz refund it.,1
It's good for all types,5
"Very good product, value for money for beginners...",5
"I purchased this product from my child who has just started to learn how to play, I would say it is good for beginners. More so worth the price.",5
Good,5
The guitar is good according to its price. Best guitar for learners. The E6 string sounds little odd. Still it is the best for learners.,5
Price worthGood qualityGreat packagingLow cost for such a amazing product.,5
"Got damaged Guitar, it was very badly damaged. I applied for return but the delivery boy was telling like you have applied for return not for damaged, simply they ara playing!",1
The product quality is excellent. It came with extra strings and other accessories...Amazed!!!,5
Nice product in that priceSo cool,5
Quality of strings are very poorWhile tuning guitar both the strings broke,2
Pretty good at such a low price,3
Average,3
Low quality,1
Gud product,4
"Awesome product,very good sound quality,nice packaging...thank you amazon",5
Best for beginners. Good sound and strings. And its good the seller provides extra string pack,5
Really it's too good & thanks Amazon,5
Very hard strings for beginners,5
Perfect even if low price....,5
Excellent Product... Good Quality n Good Package.. Worth It.. In less price..,5
I'm so happy product is very bestBut delivery not good,5
Good quality.... Not disappointed atall...love to shope more on amazonğŸ˜,4
Wowwww awsome product,4
"The media could not be loaded.
                



Â The fret board. Sound quality very poor. Tuning the guitar is challenging",1
"One of the strings was found to be broken when the package was opened. Also, other accessories were not included in the delivery. No picks, strap and strings are given",1
The packaging was perfect. I guess the damage preceded the packing. I chose replacement option. Looking forward to see the quality of the replacement guitar,1
Good,4
Its really nice in the budget...atleast for beginners...nige sound... fretboard is also good.... Must buyAlso u get some accessories...So...go for it,5
The finishing was not good...the strings didn't worked properly...but at this price the product is good for the beginners.!!,2
3 strings same tone... Toy,1
Really loving itğŸ‘Œ,5
Little small in size but sounds good.,3
Amazing Product. A smaller size than usual one but perfect one for a beginner. Recommended!! Value for every rupee. Thanks Amazon,5
Good one to buy,5
nice guitar,5
"Getting lots of problem, it is not working fine,  i think product is defected, there is a sound problem. i am not happy with amazon products. I request to please refund my amount.",1
"It got brake after my friend tightend the 4,5,and 6th string soits neck cant handel the pressure of it and broke.i dont recommend anyone to buy this guitar ...o will update the vedio link and the building materials are also poor quality better to visit local shop and buy some good guitar I  1980",1
So good product in this price,5
Looks are superb but not for professional users. You can just use it for your practice purpose only.,2
Osm perchesğŸ”¥ğŸ”¥ğŸ”¥,5
Good for beginnersFairly good sound,5
Very bad product...after 1 month wood pieces vibrates while play guitar ...I used 50 ml super glue 2 strengthen body....,2
"I ordered this on Saturday 4th March and received on 7th March but I received it and there was no extra string as mentioned in the product details with the bag and no picks. And it has A SCRATCH ON THE CIRCLE RING AND A YELLOW STAIN NEAR THE BRIDGE.Sound quality is not at all good sound quality is pathetic, it sounds like some plastic guitar.Make sure you guys don't go for it.",1
Good product,5
Need to improvise the quality of the guitar.as I want to order better quality guitar kindly consider my return request .,1
The looks was good but the product was not of very good quality and was a damaged one,2
Value for money.,5
Good one,5
Very good product. Perfect for beginners.,5
Very bad item I received one and found it broken from the back and I'm not being able to return it,1
Very bad first impression because of Two reasons -1. Guitars right side neck portion has small scatches.2. The guitar case is not in good condition. It is very dirty.,1
I have been waiting since long and what I got -->is this defective piece!'Broken handle scratchy base .Only one recommendation -->donot buy this item,1
Best product,5
Excellent product i like it,5
Very good product excellent,5
First time I'm buying guitar. I'm a beginner in guitar. But i got a product which sound Buzz in the 3rd fret.  3rd fret level is very low when compared to other.,1
Very nice product... On time delivery...and this guitar is very good for beginners...So don't hesitate go ahead n order it...ğŸ’“ğŸ’“ğŸ˜ğŸ˜ğŸ˜˜,5
Nice product with this price,5
Gud,5
Very affordable. With quality and sound.,5
Quality is poor.,2
Good for beginners,5
"Awesome guitar thanks juarez and amazon providing this guitar, at very reasonable price with very fine quality.Sound perfect, lookwise fabulous.",5
Good,4
Awesome,5
"Tune problem, received with fault.",1
"Very good product, look awesome",5
Really good product..,5
Good,4
Gthh,5
Main sticker was not pasted it seems someone returned it or used it,2
Superb.. I just loved it,5
It's best experience for me,5
Good product.At low price.,5
Very nice sound quality,5
I recommend  you  to buy this guitar  if u r beginners sound r almost,5
Jaurez Natural color guitar deserve 5 star. Just amazing guitar. After tuning its sound too sweet. Thank you Amazon.in,5
Sound is very bad ğŸ‘ğŸ‘ğŸ‘ğŸ‘ğŸ‘ğŸ‘ğŸ˜°ğŸ˜°ğŸ¤¬,1
Its just awesone  i loved the product  and i suggest all to buy this  ğŸ‘Œ best guitar in very cheap price,5
Waste of money,1
Bad quality guitar return it sound is also bad no need to buy,1
"Not good, not bad",1
Not bad,2
Osm guitar for beginners .Sounds well and amazing .,5
Supar,5
"They delivered a defective guitar (Crack in truss rod).I requested for replacement, hope they will redeliver a good one with no cracks.",1
Size is little short,5
Nice one its very good for beginners ğŸ¤˜ğŸ¤˜ğŸ¤˜ğŸ‘†ğŸ¤˜ğŸ¤˜ğŸ¤˜,5
Super,5
"First of all, hats off to amazon for awesome packaging.. m a beginner in guitar so all I can say is amazing product in this price range.",5
This is very awesome guitar for beginners,5
Strings are best,5
Worth for beginners.,5
My kids are living the guitar,4
Nice,5
Very very good product,5
Good,5
Good produced Amazon thexxx,4
Best,5
Good product,5
Sound quality is good,5
Worst product.The situation of it when delivered to me was completely damaged.please don't buy from such a fraud site.,1
Very nice,5
Fantastic guitar. Value for money.Best for the beginners.,5
Best for beginners... Same as shown in description.,5
Good packing and nice quality on this price.,5
Nice,5
Product I received was broken. Packaging was damaged. Guitar plywood was broken and strings were ruptured. Highly unsatisfactory!,1
"Nice, cheap for beginners",5
I received defected piece and i cant even get refund in my bank account ....they only give continue option only on amazon pay......amazon is sucking now a days,1
"This is a musician for all the kidsKeep this safe for a very best product,jvk",5
It is good .but I wanted big size.n I want to return it.but there's no option for return.replacement is available.,1
Good beginner guitar,3
Best for the bignner.,5
Awesome,5
Best in budget,5
Good,2
Very Good.,5
very cheap and bad fret board string height is unrealistic better buy yamaha if you really want to learn,1
verything good accept stringğŸ˜…ğŸ˜…,5
Received broken instrument.... All the excitement of kids went down.,1
My product was defective the string was broken and even the guitar was not having the finishing,1
Its a good one for starters ğŸ‘,4
String is not proper and sound is not working,1
It's worth the money... Good product and good quality....,5
Very good,5
string bad  not good proformance string is is showing wrong during tunning on tune app and last thing not good sounds and action is very bad,1
ğŸ¤”ğŸ¤”,5
very nice,5
Excellent,5
Excellent,5
Its a very good product in such a cheap price. Really great experience playing it.Sound is very nice and it looks to beautiful.,5
Good...best quality,5
Very good,5
Hard to tune,2
Packaging was good â€¦ Product meets expectation.,5
I am happy with the product,4
Aahhh what i say its just a piece of ...... Dont buyYou are wasting 2000,1
Accessories not received,1
Good,5
Loved it,5
Nice,5
Good,5
This product is as per my expectations. Full budget ğŸ¸.,5
Not so good,2
Best guitar at this price segment.,5
Good product. Quality superb.,5
I recieved a defective piece and it's sound quality is also not good. It's vibrate without rhythm,1
The delivery was on time but I received a broken item and some accessories were missing.,1
It's a very good guitarBest in best price,5
Good for this price range,2
Good one,5
Good quality in this price.,5
Really good .go for it.,5
Has good sound qualityAnd perfect for biginar,5
Totally useless.Cheap and low quality sound.Not worth it.Go for a little more expensive.This is not worth,1
"Very nice guitar, best quality , super sound ...do not think just go for it.",5
Sound quality bad,1
Nice products....,5
It's good for beginners,5
"It is good, suitable for beginners.",4
Good for beginners,5
Look is Very Good,5
My first guitar...High quality at this price .,5
Really very nice product at very low price...,5
Bad quality.,3
Perfect,5
When i open parcel its broken nd when i replaced also new one was broken from inside of parcel,1
Very nice product,5
Good,5
"Yep,,,, it's a nice product...... really value for money........",5
Best for begineers we can learns the chords and try it out,5
The thinnest string broke in half day when I played for the first time and while playing frets sound does not come properly even after changing the thinnest string.,1
"Beautiful to use and the size seems appropriate for a 5 11"" and received bag, strap, additional set of strings with picks... Impressed on first day",5
Finally i install a pickup for my amp. It cost me rs20 only.,5
I ordered it for my daughter and it is completely broken.,1
Good for beginners,5
Never buy this.... Had a terrible experience..... Not recommendable for beginners too,1
"Received scratched one and the guitar is for kids or for under 18 years age group. You cannot consider this as a professional guitar or a good one to start with. If you are under 18 years of age and want to start playing guitar, then you can think of buying it.",1
Awesome Guitar and tone,5
Good,5
Looks good,5
As describe the product is actually like this.  Awesome packing. Sound quality is good. Thanks Amazon good service.,5
My guitar is very beautiful or esaka sound deep sound à¤¹à¥ˆ thanks amazon,5
"Disliked it, find unworthy. Please return my money.",1
Very poor Quality and damaged piece,1
I found it in worst conditionI'm really very disappointed,1
Best for begginers,5
Awesome delivered.....nice product,4
"Product is so cool....worthy  for amount,just loved it",5
Worst product ever please do not buy it ğŸ™ğŸ™ğŸ™ğŸ™Cheap sound quality,1
Item nt as described,2
Its only the picture. Dont buy it. It seems like it may be very nice and i even buy 2. I donâ€™t understand why people give 5star. I think thay keep it for senary.,1
I like,5
I am waiting from 1 month for this item!! when coming in stock and I bought this  I M VERY HAPPY,1
"Poor in quality, not able tune strings.",1
Just don't buy this . Worst quality. Got a scratched one but thought to use it rather than returning but later the neck also started breaking . The replacement strings provided had 6 strings of 3 sizes means 2 same strings each . Plz buy it on some shop by viewing personally.,1
Ok,5
Like,5
"The media could not be loaded.
                



Â Sound quality is too bad ....improve here",1
Good product,5
Good in this price range,5
Amazing at this price,5
I don't like the shape of guitar now I want to take a new guitar with exchange of this guitar in amazon,1
The string was broken and didn't receive the extra string pack with pick as mentioned in the product description.,1
Good product...,5
Good,5
Nice guitar. Bt poor wood,5
Awesome..,5
learners model,5
"It is very awesome guitar sound is very good , packaging was incredible very very good job done by amazon ,i am imprees.",5
VERY BAD .. CHINESE PRODUCTIT'S STRING QUALITY IS BAD,1
Do not buy the product please it's my request.Very bad product,1
The guitar is too small.  Just like a toy! There is no extension for sound.,1
"This gitar is medium quality,front board is not proper. The strings key is not proper.wood quality also poor.",1
this is best thing yet I hav received from amazonELATED by this,5
"Good guitar for bingnars, low costAnd good sound sound quality",5
Very unsatisfied with the product.. one string was already broken and another string was missing..quality is so cheap....Didn't got the accessories except bag so much unsatisfied with the Amazon delivery service and with the product tooo,1
Good,5
Superb,5
Guitar is good but accessories are missing....,1
Distance between fade board and string is too long ..,1
Good products  butt very light wieghted,5
Awesome sound quality.. best for beginners and easy to play..,5
Too good sound quality and finishing in this range,5
"I have not recieved cover,  extra string,  belt,  .. Only got guitar,, whatever is mentioned in order have not recieved with it..",1
Nice guitar...if you are a new or begginer guitarist so you can buy this guitar...,5
This Guitar is too small if possible put guitar length specification on portal.,2
Sounds are very sweet,5
"It's so good,love it ğŸ’ŸğŸ’ŸğŸ’ğŸ’",5
Good sound,5
It is broken,1
Great Product,5
Very good,5
Its an alredy used guitar there are so many strains and scratches are there in the body of guitar,1
This was amazing but missing some assisirise,1
Not standard guitar gap between strings and frets very much. For beginners use good comfortable guitar or u will be demotivated. Replacement product they send me used one with scratches and not new packaging easily caught.,1
Sound quality is not good and i bought this item two time but product damage,1
Very nice guitar for Beginners in Low Range.,5
What else to expect at this price.,5
I like it,5
Packing is very badBag is missing,1
Please I request for return.,1
Bad quality,1
Awsm...a bit scratches on the fret board ğŸ’,5
it is really good guitar at this price,5
nice guitar,5
Good,5
Garbage broken,1
The neck of the guiter is damaged.,1
"Superb, nice, stupendous fantabulous fantastic",5
"As expected ... Love it ... ,ğŸ˜Š",5
Local Quality guitar,1
I get a broken one ğŸ’”,1
I think it is best guitar in the world.,5
Sorry low quality sound and I don't need this ..........if you can't refund me plz plz plz apne pass he  rakh le and friends don't go for this ...... Waste of money.,1
"Unbelievable product....really it sounds good, best product at best price....go for it...",5
Strings Poor quality,1
Waste of money...,1
Not value for money same Guitar 1600 rs in 4 years  back but now 2100,1
nice product..tuning also ok..sound also perfect..,5
best product of the world for me,5
i miss u,5
Good,5
Sound quality.. and manufacturing defects,1
Its broken,1
Best packaging I ve ever seenA must buy product!!,5
Nice.......very good product.....parking was excellent good sounding,5
Very nice guitar fully satisfied with this,5
"Not an ideal guitar,poor performance.",1
Very good guitarI love it,5
Nice guitar i like the color and it was awesome.,5
verry very gud guitar,5
Strings of the guitar are not of good quality and it is not tunning properly while tunning the strings of the guitar get broken,1
"worth to buy , kids are enjoying",5
"only for 12,13 age kids ...",2
fantabuless clear sound cool desine excellent,5
Very good,5
Very nice sound and product,5
Poor quality....,2
awesome product,5
No sound,1
"Nice product with nice packaging from Amazon ,thanks",5
Value for Money,5
Poor quality,1
On a neck have crack,1
Awesome,5
Nice one.. kind of a prized possession for my brother..,5
Good finish,5
Damage Product,1
Awesome guitar,5
The Fredâ€™s rod had been bent and itâ€™s not at all gud waste of money ur hand wil get roast if u use this keyboard ğŸ¹,1
Product and quality of sound is not good,1
Love it....!!,5
NICE PRODUCT AND DELIVERY SERVICE.,5
Nice guiter,5
Nice instrument,5
Pathetic and very bad quality,1
So crispy and loud. My vocabulary is poor to describe :),5
It get out in 10 min.Strings also break.,1
I liked it. Excellent product. Worth it.,5
Bad,1
Very poor quality,1
Dont waste money,1
Nice one for low price :),5
Local quality,1
Nice ....amazing,5
Not good,1
Good but...,2
Plz,5
string was bad,1
Love u amazon u nailed it,5
Worst!!,1
very bad product,1
I got a damaged product. The back was cracked beyond repair.,1
b,5
Sound quality is not good as per its rate,1
Good,5
Awesome product & great job for Amazon,5
Waste,1
Ok product,1
I ordered a guiter with a rock logo but it delivered to me it's very simple n small so I did' t like so sad,1
No performance strings dammaged and poor quality,1
Very bad sended scratch product very dissappointed,1
Awesome,5
Piece is good. I like,5
Don't  even dare to buy,1
"Very bad quality, string height is so high that it makes it almost unplayable",1
Very bad quality,1
awesome product,5
Bad quality. Accesories missing.,1
Very bad product ....plz don't waste your money....,1
Product is good for finger exercise bt not for practicing or playing songs,1
Good,5
Verybad sound and very bad wood,1
Very nice,5
It is very good for beginners but it's packaging was not better and his sound smoothand beautifulâœ¨ğŸ˜ thanks Amazon for the guitar sound.,3
It sucks,1
"Guys, dont fall for the price. It's the worst guitar that you can buy. It's a waste of money and dont fall for the trap.ğŸ¤¢ğŸ˜¡ğŸ¤¬",1
Its good but not the best.,1
I got a damaged one,1
Actually I gifted to my friend and he is happy with this Guitar,3
This guitar is very good,1
No finishing. Here and there small damages. Not worth. Dissopointed...,1
Didn't get anything but the guitar ....the so called bundle was incomplete,1
The thing is for someone it can be small. I  can't play G chord A chord because of the small size.. Beware,4
Worthless......Sound box is a very very bad quality....,1
This is returned to you not replacment. Kindly deposit my amount.,1
Sound is not clear alot of extra vibration,1
Good for beginners but not great,3
So bed worst quality,1
I have got this with one string broken,1
Strings very loose & poor quality.,1
The packaged is already opened and I didn't get the picks extra strings and strap too.,3
"If you are a beginner, then it is a best choice. Good product at an affordable price.Nice packaging and the items provided were in good condition.Sound Quality, design and overall look is perfect for me.",4
String is broken,1
The internal finishing is not good and made with broken wooden parts.,1
Its not good,1
Worst guitar,1
Very good quality product.but delivery is very very slow. fast delivery is not possible....But quality is good...By now for budget guiter,4
"Thank you give delivery one day before, I don't know abt the quality bcz I m not paying this instruments.",4
I loved dis guitar for beginners.....my 1 st guitar n really suprised that....go for it...color was shown as same as picture...packing was good n delivery also..thanks for Amazon such a lovely guitar provide me as a low range .....ğŸ˜ŠğŸ˜˜,4
"Don't go for it cause after some time you will realise that you have made a mistake it is just a below average guitar below average sound quality so, add some more money in your budget.",2
Low quality wood n half made of plastic,1
Good product,3
It has arrived in the broken condition.,1
Great value for money. Getting what you paid for. Perfect for beginners,4
Suprbb quality for beginners....free mind u can buy this giutar..and saving money and helping beginners to learn giutar...sound quality also good and strings are so perfect and smoot to changing cords,5
"Ummm....  It's considerably small than general guitar, but again it's cheap than them also.  Being cheap, it certainly used cheap material to build the item. Guitar comes untuned,  so don't worry and tune it up first. Sound quality is up to mark,  no problem there once tuned up.  If you are a beginner, just like me,  than i strongly recommend that you use Yousician app for learning from the very basics.Lost 1 star for its material qualityAnother star for its size",3
"Good guitar ,arrived very soon ,fair for the price but it tuNe little weird sometimesğŸ˜ğŸ™„",3
"Very bad quality! The neck of my guitar bent within a month! It's not playable anymore. Wrote email to Juarez music, they didn't respond. It a waste of money!",1
Good,4
Luv this product .. beginner must buy it.,4
Not for Experts..only for beginners those who don't know how to play Guitar...,2
Good,4
Received completely a damaged guitar worst sound.worst body material.one of the worst guitar among all.dont buy please anyone . Requesting Amazon service kindly remove this item from Amazon,1
Very nice Good quality sound is epicOther things are also nice  it is very nice string are very niceğŸ‘ğŸ‘ğŸ‘ğŸ‘ğŸ‘ğŸ‘ğŸ‘ğŸ‘ğŸ‘ğŸ‘ğŸ‘ğŸ‘ğŸ‘ğŸ‘ğŸ˜€,5
It is very good.It is good for beginners.It's sound quality is not so bad.You can by it if you want.,5
Its many have crack,2
Worth its price. It's good for beginners,4
The guitar tune is set to EAADGB instead of EADGBE and it's not even the tuning problem the strings needs to be changed in order to make it right which will take a professional to do it. Not worth paying for it and still go thru the pain of doing this.,1
"Have seen some reviews saying guitar is good, etc., so am putting this review. This guitar is NOT good and anyone who says anything else either doesn't know to play guitar or is writing on behalf of Juarez1. String s are high above the fretboard, making playing hard2. Fretboard is plastic, not ebony as mentioned in listing.3. Fretboard is exactly flat. This is not ideal for playing chords at all. Only lead playing is possible with this guitar, but with lot of effort. If anyone disagrees, put up a video in colour showing the guitar model and playing the barred F chord at fret 1.4. No truss rod. So no chance of any adjustments. I was told to use this guitar as a showpiece by a renowned music shop5. Bridge is plastic also.6. Tuning pegs are wobbly. Remove a string and try to move the tuning peg - if it moves, it's not good and will not hold strings in tune.7. Guitar is extremely light. This means that only ply wood is used throughout and the quality of the instrument is poor.Buying this guitar for a beginner will guarantee that he will quit playing guitar very soon. As suggested, go to a reputablemusic store and ask for a good guitar. The worst guitar there will be better than this Juarez",1
Gud sound quality but small in size Strings is little hard but..overall nice.. packing is also very safe delivered carefully..,3
Very nice product. It is strong and child friendly. Child can use is very easly. Also carriable. Cover is also nice.,5
It's pretty good for beginners. Nice built and finishing. Sound is also satisfactory.,4
Good ğŸ˜ and easy to bajane wala ğŸ˜‚ but very good product safe and sequre delivery and good of sound quality.,5
Item is not satisfactory at all. Product is not value for money... Want to return it back today without wasting time...Worst experience... Going to leave amazon permanent.... Worst experience with Amazon too.... Dont want to give a single star,1
Osam guitar exalent. Sound good colour nice,4
"They sent damaged piece, So I am returning it.Worst quality and also it's not worth to buy. It looks like a show piece.",1
It's average.  Iska bag ftaa huaa niklaAmazon service is not good. Iske worker ne ise ghr tk nahi pohchaya.. they do not give the home delevery.  Hm khud ise le kr aye sehr se.,4
"This is a very good guitar for beginers, except the strings. Buy some good qulity strings and you are good to go..",4
Everything is coolWorth it,4
ok,4
This guitar is best for beginners to learnSound quality and body of guitar is goodValue for money,5
Product is good I like it n i give it some one who like it so much thanx for this deal,4
"this guitar is smaller than the standard size but is the perfect size for me.it sounds amazing for such a cheap priceyes, the action is kinda high making it hard to press the strings but come oni don't think any other guitar will be this good at this priceit's worth it!and also, i got the same guitar as shown in the pic.",4
Product is awesome and colour is superb.,5
"Looks are superb but not for professional users , i like it. this guitar for beginners not for professional's  only buy for practice",4
The item is not bad but sound is not good,5
It's really Gud for beginners,5
Guitar looks good but string and fret distance is too much which makes it very painful to play. You have to press strings hard which hurts the fingers.Won't recommend it.,1
"Good quality ,beautiful and good sound",5
Amazing guitar for beginners and and sound very good.You will definitely love it.,5
Superrrr I like it...... Thanks for amazon,5
Amazing ğŸ¤©ğŸ’–ğŸ’–ğŸ’–ğŸ’–ğŸ¥°ğŸ¥°ğŸ’–ğŸ¥°ğŸ’–ğŸ¥°ğŸ¥°ğŸ¥°ğŸ¥°ğŸ˜˜ğŸ˜˜,5
Worst can easily break telling from experience Dont waste your money trust me . . . . . . .,1
Good,5
All gud but i got damaged peiceOr no strings are available in this pack,5
"It is very good product, I am very happy from it , everything was good , I recommend you that you should purchase this one if you are thinking to buy a guitar if you are a begginer..",5
Frate number is missing,2
Bag is of very low qualityAnd guitar's  sound is also some differentNot good do not buy this product,1
Great,5
"The media could not be loaded.
                



Â I really feel more easy strumming, more comfortable. I strongly recommend this for beginners. JUAREZ i appreciate this company for giving a such kind of material at great price.....i m going to buy electric guitar of JUAREZ soon.",5
Very nice guitar but try to improve delivery speed,5
"My 1st guitar ! It has amazing look, & beautiful sound.  I have fallen in love with this one !",5
"As shown on status delivered but sorry to say that no pack received by me Or my family members on 20th October, now tell me where the material delivered and to whom",1
"Osm product, good packaging, Nyc soundI purchase this guiter for my brother and he's very happy with this guiter",5
Nice music good lucking colour ğŸ˜ŠğŸ‘Œ,4
I like this guitar very much...i spent only 2390 to buy this and it's amezing.. this is the best guitar for the beginners who want to play music...,5
Super product !!!,5
"Slarp,picks, extra strings, guitar bag not found ln the box",1
NEVER BUY THIS FOR BEGINNERS ONLY BUY YAMAHA GUITAR ONLY.,1
Great product,5
Description says....  Guitar is cutaway...  But pics are of dreadnought guitar... Please tell...  Dreadnought or cutaway?,4
"Pros- Low cost- Reasonable toneCons- Cheap, flimsy construction, Fret board scratched within one week of playing.- Poor quality strings, dropped a note every time the guitar was stored after playing. After re-tightening, the higher E broke.I guess you will have these drawbacks with such a low cost guitar.",1
Good,5
Awesome,5
Good.,5
Good guitar. It is very useful for Me and my kid.,5
Its very nice I love it and packing also good sound quality so good its best for beginners,5
Not a nice product to buy I just wasted my money buying this I recommend to not buy the product,1
Awsm product everyone has to buy...,4
"while tuning the guitar, the string just broke...",1
"Thank you so much Amazon. You just made my day by unbelievable package in a huge box with so many airbags inside and deliverying the product before time. The product is very good and have a very good sound quality with awesome picks, strings and a bag. Thank you so much.",5
It is broken,1
Its built quality is best! Superrrrrr ...I like this product !,5
One string has problem,5
worst product.dont buy...,1
Paisa barbad .. Not a good guitar .  3 mahine bi thik se nei chala.,1
Nice,5
The quality was super bad... Do not Purchase.,1
Product material quality very bad only look better parformance poor,1
It just look like professional but it's not.too light in hand and sound quality is not good.looks is very beautiful but it not for works.,1
Low quality voice,1
Nice guitar..Thnku Amazon,5
Overall good product,5
Best,5
Excellent,5
MY.NAME IS AKSHAY KUMAR A.R.RAVINDER KUMARFROM DUMARIYA BHAGALPUR PATNA BIHARTHIS PRODUCT IS VERY NICE,5
"The media could not be loaded.
                



Â I brought this guitar for my sons beginning learning. Hope he learn so fast & I'll buy another one for him...Thank u juarez fir giving us this at very affordable price",5
,5
Very good product ğŸ‘ğŸ‘ğŸ‘,5
The quality was just great. Loved the product except for the fact.. the 1st (thinnest wire) broke only on 3rd day of usage. But thanks to extra wires provided it was fixedğŸ˜Š.,4
Good,5
All in all an okayish guitar meant for beginners. But a great one to start my music journey. The string quality provided is not so nice though.,4
"Good for a beginner I am enjoying it, it arrived in a very good condition with great sound quality. It is an 18 fret guitar, so you may not be able to play all the songs you want. Suppler clearly made note of this in their description of the product.",5
Average,3
Satisfied,5
Very good productğŸ‰ğŸ‰â¤ï¸â¤ï¸â¤ï¸â¤ï¸,5
